{
    "COPD": "Chronic Obstructive Pulmonary Disease",
    "CT": "Computed Tomography",
    "PPD": "Purified Protein Derivative",
    "PA": "Posterior-Anterior",
    "SVC": "Superior Vena Cava",
    "CABG": "Coronary Artery Bypass Graft",
    "CHF": "Congestive Heart Failure",
    "HIV": "Human Immunodeficiency Virus",
    "MRI": "Magnetic Resonance Imaging",
    "EKG": "Electrocardiogram",
    "AP": "Anteroposterior",
    "PICC": "Peripherally Inserted Central Catheter",
    "TB": "Tuberculosis",
    "MVA": "Motor Vehicle Accident",
    "CHEST": "Thoracic Cavity (context-dependent)",
    "SOB": "Shortness of Breath",
    "MVC": "Motor Vehicle Collision",
    "IJ": "Internal Jugular",
    "ICD": "Implantable Cardioverter Defibrillator",
    "BMT": "Bone Marrow Transplant",
    "DYSPNEA": "Difficulty Breathing",
    "LAB": "Laboratory",
    "PRE": "Preoperative",
    "OP": "Operative Procedure",
    "CXR": "Chest X-Ray",
    "CP": "Chest Pain",
    "KUB": "Kidneys, Ureters, and Bladder",
    "IV": "Intravenous",
    "AML": "Acute Myeloid Leukemia",
    "ECF": "Extracellular Fluid",
    "LUNG": "Lung (context-dependent)",
    "NECK": "Neck (context-dependent)",
    "DKA": "Diabetic Ketoacidosis",
    "IVC": "Inferior Vena Cava",
    "AICD": "Automatic Implantable Cardioverter Defibrillator",
    "NG": "Nasogastric",
    "VP": "Ventriculoperitoneal",
    "PX": "Physical Examination",
    "PT": "Physical Therapy",
    "CA": "Cancer",
    "KV": "Kilovolt",
    "DVT": "Deep Vein Thrombosis",
    "CLL": "Chronic Lymphocytic Leukemia",
    "HAS": "Hypertension Associated Symptoms (context-dependent)",
    "TNF": "Tumor Necrosis Factor",
    "BR": "Breast",
    "SBP": "Systolic Blood Pressure",
    "WBC": "White Blood Cell",
    "ATV": "All-Terrain Vehicle (context-dependent)",
    "SDH": "Subdural Hematoma",
    "CCK": "Cholecystokinin",
    "XRAY": "Radiograph",
    "HX": "History",
    "APNEA": "Temporary Cessation of Breathing",
    "TKA": "Total Knee Arthroplasty",
    "PTX": "Pneumothorax",
    "HF": "Heart Failure",
    "CIWA": "Clinical Institute Withdrawal Assessment",
    "DORV": "Double Outlet Right Ventricle",
    "CVA": "Cerebrovascular Accident",
    "BNP": "B-Type Natriuretic Peptide",
    "PNA": "Pneumonia",
    "POS": "Positive",
    "DX": "Diagnosis",
    "AIDS": "Acquired Immunodeficiency Syndrome",
    "RLL": "Right Lower Lobe",
    "RT": "Radiation Therapy",
    "RUQ": "Right Upper Quadrant",
    "UIP": "Usual Interstitial Pneumonia",
    "GYN": "Gynecology",
    "ESR": "Erythrocyte Sedimentation Rate",
    "AAM": "African American Male",
    "PDA": "Patent Ductus Arteriosus",
    "SVT": "Supraventricular Tachycardia",
    "AFIB": "Atrial Fibrillation",
    "POD": "Postoperative Day",
    "VHR": "Ventral Hernia Repair",
    "UTI": "Urinary Tract Infection",
    "ORIF": "Open Reduction and Internal Fixation",
    "AVN": "Avascular Necrosis",
    "STAB": "Stab Wound (context-dependent)",
    "SP": "Status Post",
    "HCC": "Hepatocellular Carcinoma",
    "SBRT": "Stereotactic Body Radiation Therapy",
    "BCG": "Bacillus Calmette-Guérin",
    "SX": "Symptoms",
    "PM": "Post Mortem (or Pacemaker, context-dependent)",
    "CTA": "Computed Tomography Angiography",
    "AS": "Aortic Stenosis",
    "VSD": "Ventricular Septal Defect",
    "SM": "Small Molecule (context-dependent)",
    "TOF": "Tetralogy of Fallot",
    "PPM": "Permanent Pacemaker",
    "INR": "International Normalized Ratio",
    "Dr.": "doctor",
    "S1": "Sacral vertebra 1",
    "S2": "Sacral vertebra 2",
    "S3": "Sacral vertebra 3",
    "S4": "Sacral vertebra 4",
    "S1-S2" : "between the 1st and 2nd sacral vertebrae",
    "S2-S3" : "between the 2nd and 3rd sacral vertebrae",
    "S3-S4" : "between the 3rd and 4th sacral vertebrae",
    "S1/S2" : "between the 1st and 2nd sacral vertebrae",
    "S2/S3" : "between the 2nd and 3rd sacral vertebrae",
    "S3/S4" : "between the 3rd and 4th sacral vertebrae",
    "L1": "Lumbar vertebra 1",
    "L2": "Lumbar vertebra 2",
    "L3": "Lumbar vertebra 3",
    "L4": "Lumbar vertebra 4",
    "L5": "Lumbar vertebra 5",
    "L5-S1": "between the 5th lumbar vertebra and the 1st sacral vertebrae",
    "L1-L2": "between the 1st and 2nd lumbar vertebrae",
    "L2-L3": "between the 2nd and 3rd lumbar vertebrae",
    "L3-L4": "between the 3rd and 4th lumbar vertebrae",
    "L4-L5": "between the 4th and 5th lumbar vertebrae",
    "L1/L2": "between the 1st and 2nd lumbar vertebrae",
    "L2/L3": "between the 2nd and 3rd lumbar vertebrae",
    "L3/L4": "between the 3rd and 4th lumbar vertebrae",
    "L4/L5": "between the 4th and 5th lumbar vertebrae",
    "L5/S1": "between the 5th lumbar vertebra and the 1st sacral vertebrae",
    "D11" : "11th thoracic vertebrae",
    "D12" : "12th thoracic vertebrae",
    "D12/L1": "between the 12th thoracic and 1st lumbar vertebrae",
    "D11/D12": "between the 11th and 12th thoracic vertebrae",
    "C4-C5" : "between the 4th and 5th cervical vertebrae",
    "C5-C6" : "between the 5th and 6th cervical vertebrae",
    "C6-C7" : "between the 6th and 7th cervical vertebrae",
    "C4/C5" : "between the 4th and 5th cervical vertebrae",
    "C5/C6" : "between the 5th and 6th cervical vertebrae",
    "C6/C7" : "between the 6th and 7th cervical vertebrae",
    "MRI": "Magnetic Resonance Imaging",
    "LSS" : "Lumbosacral Spine",
    "NB" : "Nota Bene",
    "CSF" : "Cerebrospinal Fluid",
    "Rt" : "Right",
    "Lt" : "Left",
    "WI" : "Weighted Imaging",
    "US": "Ultrasound"
}

